SRM1312A,PP-AB06K-MEZ9,312M0001
SRM1312A,WA-AA08H-MEZ9,312M0001
SRM1312A,DD-AA08H-MEZ9,312M0001
SRM1312A,YY-AA07H-MFV9,312M0001
SRM1312A,MM-AA07E-MFV9,312M0001
SRM1312A,DJ-AA07E-MFX9,312M0001
SRM1312A,WA-AB07E-MFV9,312M0001
SRM1312A,DD-AB07E-MFV9,312M0001
SRM1312A,DN-AA07H-MFX9,312M0001
SRM1312A,DJ-AA07H-MFX9,312M0001
SRM1312A,DH-AA07H-MFX9,312M0001
SRM1312A,DG-AA07H-MFX9,312M0001
SRM1312A,DE-AA07H-MFX9,312M0001
SRM1312A,DK-AA07H-MFX9,312M0001
SRM1312A,DR-AA07H-MFX9,312M0001
SRM1312A,DY-AA07H-MFX9,312M0001
SRM1312A,DZ-AA07H-MFX9,312M0001
SRM1312A,DS-AA07H-MFX9,312M0001
SRM1312A,WA-AB07H-MFV9,312M0001
SRM1312A,DD-AB07H-MFV9,312M0001
